idna_subject,checker_type,destination,tested_at
alfabetnieruchomosci.pl,AVAILABILITY,origin.list,2021-01-13 20:39:05.169418
blogginghippo.pl,AVAILABILITY,origin.list,2021-01-13 20:46:01.337802
bmstudiourody.pl,AVAILABILITY,origin.list,2021-01-13 20:46:24.691807
bobopstryk.pl,AVAILABILITY,origin.list,2021-01-13 20:46:34.876630
bpgzawady.pl,AVAILABILITY,origin.list,2021-01-13 20:47:22.356796
dachy-kobus.pl,AVAILABILITY,origin.list,2021-01-14 01:08:01.838353
20pascals.nl,AVAILABILITY,origin.list,2021-07-03 22:02:16.224693
bestagd.eu,AVAILABILITY,origin.list,2021-07-03 22:24:56.572079
butypolskasklep.nadi8.com,AVAILABILITY,origin.list,2021-07-03 22:30:21.216156
chotto-ippuku.com,AVAILABILITY,origin.list,2021-07-03 22:34:00.997698
dojaroslawca.pl,AVAILABILITY,origin.list,2021-07-03 22:59:56.121687
edofinansowania.eu,AVAILABILITY,origin.list,2021-07-03 23:03:47.905700
edukacjawakcji.pl,AVAILABILITY,origin.list,2021-07-03 23:04:01.388973
egregorikoi.pl,AVAILABILITY,origin.list,2021-07-03 23:04:19.897414
esthetiquebazaar.pl,AVAILABILITY,origin.list,2021-07-03 23:07:20.222684
esyfloresyonline.pl,AVAILABILITY,origin.list,2021-07-03 23:07:28.434933
e-lektrosklep.com,AVAILABILITY,origin.list,2021-07-03 23:08:49.942219
feed.engage.im,AVAILABILITY,origin.list,2021-07-03 23:10:25.676233
fotobudkahihotka.pl,AVAILABILITY,origin.list,2021-07-03 23:14:57.186891
fotojagodaskora.pl,AVAILABILITY,origin.list,2021-07-03 23:15:10.106736
frio.com.pl,AVAILABILITY,origin.list,2021-07-03 23:16:09.283306
fundacjazycieodnowa.pl,AVAILABILITY,origin.list,2021-07-03 23:16:40.843770
gastroakcesoria.pl,AVAILABILITY,origin.list,2021-07-03 23:18:45.006012
groteskaarabians.com.pl,AVAILABILITY,origin.list,2021-07-03 23:58:49.874084
hammessandandgravel.com,AVAILABILITY,origin.list,2021-07-03 23:59:38.945557
hellbellas.pl,AVAILABILITY,origin.list,2021-07-04 00:00:47.549610
homeopatiakoszalin.pl,AVAILABILITY,origin.list,2021-07-04 00:01:59.926435
inspektorzyzieleni.pl,AVAILABILITY,origin.list,2021-07-04 00:03:52.949588
januszbysina.pl,AVAILABILITY,origin.list,2021-07-04 00:08:06.261551
kancelaria-prawna-katowice.pl,AVAILABILITY,origin.list,2021-07-04 00:10:19.411173
katechizm-korespondencyjny.pl,AVAILABILITY,origin.list,2021-07-04 00:11:34.186023
konstancjanieruchomosci.com.pl,AVAILABILITY,origin.list,2021-07-04 00:49:22.527055
kredytybezbik.eu,AVAILABILITY,origin.list,2021-07-04 00:50:38.534994
kupujprzeztelefon.pl,AVAILABILITY,origin.list,2021-07-04 00:51:53.467463
kwwnaszagminanaszpowiat.pl,AVAILABILITY,origin.list,2021-07-04 00:53:02.867120
laolle.com,AVAILABILITY,origin.list,2021-07-04 00:53:25.686864
legiakul.pl,AVAILABILITY,origin.list,2021-07-04 00:54:46.060458
localpressawards.pl,AVAILABILITY,origin.list,2021-07-04 00:56:23.777894
lotywizzair.pl,AVAILABILITY,origin.list,2021-07-04 00:57:30.914233
magiaperspektywy.pl,AVAILABILITY,origin.list,2021-07-04 00:59:24.409701
majcioch.pl,AVAILABILITY,origin.list,2021-07-04 00:59:42.929716
mlecznestalezdrowe.pl,AVAILABILITY,origin.list,2021-07-04 01:07:36.702351
mojepiwa.pl,AVAILABILITY,origin.list,2021-07-04 01:50:07.359317
monkeytreephoto.com,AVAILABILITY,origin.list,2021-07-04 01:50:48.336610
mrowkapiechowice.pl,AVAILABILITY,origin.list,2021-07-04 01:51:55.623903
m-wielkopolskie.pl,AVAILABILITY,origin.list,2021-07-04 01:52:51.167607
naszregion24.pl,AVAILABILITY,origin.list,2021-07-04 01:55:49.732537
natools.eu,AVAILABILITY,origin.list,2021-07-04 01:56:01.650968
nclick.pl,AVAILABILITY,origin.list,2021-07-04 01:56:44.141057
nikokart.pl,AVAILABILITY,origin.list,2021-07-04 01:58:10.475678
novatio-masaze.pl,AVAILABILITY,origin.list,2021-07-04 02:00:26.671226
oberzapodorzechem.pl,AVAILABILITY,origin.list,2021-07-04 02:00:48.037671
ochrona-kaczorek.pl,AVAILABILITY,origin.list,2021-07-04 02:01:10.744092
operacjachuligan.pl,AVAILABILITY,origin.list,2021-07-04 02:03:44.667421
orzelprusice.pl,AVAILABILITY,origin.list,2021-07-04 02:04:30.789841
osiedlebrzechwy.com.pl,AVAILABILITY,origin.list,2021-07-04 02:04:38.172526
ozdobyswiateczne.net,AVAILABILITY,origin.list,2021-07-04 02:05:52.660330
palloosweddings.com,AVAILABILITY,origin.list,2021-07-04 02:06:26.822360
parafiaplaw.pl,AVAILABILITY,origin.list,2021-07-04 02:06:58.226818
patioprovence.pl,AVAILABILITY,origin.list,2021-07-04 02:07:47.579947
pccooler.com.pl,AVAILABILITY,origin.list,2021-07-04 02:08:12.286212
pl.store2021.net,AVAILABILITY,origin.list,2021-07-04 02:17:56.236750
pobierz-online.co.pl,AVAILABILITY,origin.list,2021-07-04 02:20:06.105628
powodzeniamamo.pl,AVAILABILITY,origin.list,2021-07-04 02:23:33.569842
prezentacje-wiab.pl,AVAILABILITY,origin.list,2021-07-04 02:25:34.857380
przemyslawrenn.pl,AVAILABILITY,origin.list,2021-07-04 02:28:01.502830
przystojnypanicz.pl,AVAILABILITY,origin.list,2021-07-04 02:28:36.898009
psychokosmetyka.com.pl,AVAILABILITY,origin.list,2021-07-04 02:29:05.253647
rathbone-art.com,AVAILABILITY,origin.list,2021-07-04 02:32:13.415329
rbffn.net,AVAILABILITY,origin.list,2021-07-04 02:32:28.101617
rbkkg.net,AVAILABILITY,origin.list,2021-07-04 02:32:42.920733
restauracjacarpaccio.pl,AVAILABILITY,origin.list,2021-07-04 02:48:38.212112
rynkiewicz.com.pl,AVAILABILITY,origin.list,2021-07-04 02:52:01.128784
shop.brkcenter.com,AVAILABILITY,origin.list,2021-07-04 02:55:40.245872
shop.toyhs.com,AVAILABILITY,origin.list,2021-07-04 02:55:48.785855
siatkarzowelove.pl,AVAILABILITY,origin.list,2021-07-04 02:56:12.517544
sklepszkolen.pl,AVAILABILITY,origin.list,2021-07-04 02:58:19.506696
specpaka.pl,AVAILABILITY,origin.list,2021-07-04 03:02:59.367612
spplodz.pl,AVAILABILITY,origin.list,2021-07-04 03:04:29.079840
statystykaopisowa.pl,AVAILABILITY,origin.list,2021-07-04 03:05:47.763508
supermedia.in.net,AVAILABILITY,origin.list,2021-07-04 03:14:05.706777
swegoods.com,AVAILABILITY,origin.list,2021-07-04 03:14:29.616138
swiatgraweru.pl,AVAILABILITY,origin.list,2021-07-04 03:14:41.607341
synergiareklama.pl,AVAILABILITY,origin.list,2021-07-04 03:15:50.246924
szkolkamydlniki.pl,AVAILABILITY,origin.list,2021-07-04 03:17:01.363436
sztormland.com.pl,AVAILABILITY,origin.list,2021-07-04 03:17:12.837972
szybkikredyt.net,AVAILABILITY,origin.list,2021-07-04 03:17:33.678134
taboj.com,AVAILABILITY,origin.list,2021-07-04 03:17:43.633961
taniecchojnice.pl,AVAILABILITY,origin.list,2021-07-04 03:18:12.371170
tastypolewa.pl,AVAILABILITY,origin.list,2021-07-04 03:18:47.128909
technologia24.com,AVAILABILITY,origin.list,2021-07-04 03:19:03.661511
thule-przyczepy.pl,AVAILABILITY,origin.list,2021-07-04 03:21:22.810100
timberlandpromocja.pl,AVAILABILITY,origin.list,2021-07-04 03:21:36.502903
timberlandtanio.pl,AVAILABILITY,origin.list,2021-07-04 03:21:43.749868
toy.onlinekid.club,AVAILABILITY,origin.list,2021-07-04 03:23:53.061946
trendagd.pl,AVAILABILITY,origin.list,2021-07-04 03:24:53.131277
twojalaweta.com.pl,AVAILABILITY,origin.list,2021-07-04 03:26:18.106599
uksstrzalwodzislaw.pl,AVAILABILITY,origin.list,2021-07-04 03:28:18.364430
urodzinyspar.pl,AVAILABILITY,origin.list,2021-07-04 03:28:58.968221
vansoutlet.pl,AVAILABILITY,origin.list,2021-07-04 03:30:09.339080
virusblokada.pl,AVAILABILITY,origin.list,2021-07-04 03:31:52.857179
wcozainwestowacpieniadze.pl,AVAILABILITY,origin.list,2021-07-04 03:37:24.716284
wedkarskaturystyka.pl,AVAILABILITY,origin.list,2021-07-04 03:37:55.258564
wicher-grabowo.pl,AVAILABILITY,origin.list,2021-07-04 03:38:33.093904
wildent.pl,AVAILABILITY,origin.list,2021-07-04 03:39:35.581891
wiszniawksiazkach.pl,AVAILABILITY,origin.list,2021-07-04 03:40:08.191505
www.a1a.pl,AVAILABILITY,origin.list,2021-07-04 03:41:40.094108
www.abirohokonar.pl,AVAILABILITY,origin.list,2021-07-04 03:42:18.951442
www.absolutnieruchomosci.pl,AVAILABILITY,origin.list,2021-07-04 03:42:25.689110
www.aconcagua2010.pl,AVAILABILITY,origin.list,2021-07-04 03:42:51.060393
www.aczarniecka.pl,AVAILABILITY,origin.list,2021-07-04 03:43:09.023663
www.adnmdpolska.com,AVAILABILITY,origin.list,2021-07-04 03:43:59.267415
www.agdrtv.net,AVAILABILITY,origin.list,2021-07-04 03:44:47.537038
www.agenciq.pl,AVAILABILITY,origin.list,2021-07-04 03:44:54.332156
www.airmaxonlinesklep.pl,AVAILABILITY,origin.list,2021-07-04 03:45:05.977049
www.airmaxpolska.com,AVAILABILITY,origin.list,2021-07-04 03:45:12.449203
www.akademiajasia.pl,AVAILABILITY,origin.list,2021-07-04 03:45:44.657341
www.akademianaukowa.pl,AVAILABILITY,origin.list,2021-07-04 03:45:51.316722
www.aktywnechwile.pl,AVAILABILITY,origin.list,2021-07-04 03:46:10.071970
www.aktywniewarmia.pl,AVAILABILITY,origin.list,2021-07-04 03:46:16.652767
www.akwadrago.pl,AVAILABILITY,origin.list,2021-07-04 03:46:29.494513
www.aldonakosmetyka.pl,AVAILABILITY,origin.list,2021-07-04 03:46:42.107265
www.alfabetnieruchomosci.pl,AVAILABILITY,origin.list,2021-07-04 03:47:11.696707
www.alise.pl,AVAILABILITY,origin.list,2021-07-04 03:47:26.838989
www.alpimade.pl,AVAILABILITY,origin.list,2021-07-04 03:48:45.236866
www.alsbean.com,AVAILABILITY,origin.list,2021-07-04 03:48:51.434442
www.amhorecacommunications.pl,AVAILABILITY,origin.list,2021-07-04 03:48:58.140703
www.andrzejniemczyk.pl,AVAILABILITY,origin.list,2021-07-04 03:49:12.774531
www.anetakonik.pl,AVAILABILITY,origin.list,2021-07-04 03:49:19.694747
www.antyscena.pl,AVAILABILITY,origin.list,2021-07-04 03:49:52.104709
www.apartamentytoday.pl,AVAILABILITY,origin.list,2021-07-04 03:50:28.543974
www.aparthema.org.pl,AVAILABILITY,origin.list,2021-07-04 03:50:35.286189
www.aptbox.top,AVAILABILITY,origin.list,2021-07-04 03:51:19.872560
www.assat.pl,AVAILABILITY,origin.list,2021-07-04 03:52:44.973268
www.astcreative.top,AVAILABILITY,origin.list,2021-07-04 03:52:52.727896
www.atelievayana.com,AVAILABILITY,origin.list,2021-07-04 03:53:06.773841
www.atlanticgdynia.pl,AVAILABILITY,origin.list,2021-07-04 03:53:13.826127
www.autelekom.pl,AVAILABILITY,origin.list,2021-07-04 03:53:29.835467
www.autokemar.pl,AVAILABILITY,origin.list,2021-07-04 03:53:39.942486
www.autokraina.pl,AVAILABILITY,origin.list,2021-07-04 03:53:47.258698
www.autoprzewodnik.com.pl,AVAILABILITY,origin.list,2021-07-04 03:54:01.888444
www.ayael.pl,AVAILABILITY,origin.list,2021-07-04 03:54:59.540017
www.baq24.pl,AVAILABILITY,origin.list,2021-07-04 03:55:42.700429
www.barometrwhc.pl,AVAILABILITY,origin.list,2021-07-04 04:09:41.788337
www.bartozziproject.com,AVAILABILITY,origin.list,2021-07-04 04:09:57.852120
www.baseny.club,AVAILABILITY,origin.list,2021-07-04 04:10:09.789407
www.baskar8.com,AVAILABILITY,origin.list,2021-07-04 04:11:18.715146
www.bebooks.pl,AVAILABILITY,origin.list,2021-07-04 04:12:13.634318
www.beproactive.com.pl,AVAILABILITY,origin.list,2021-07-04 04:13:07.092679
www.bert24.com,AVAILABILITY,origin.list,2021-07-04 04:13:19.964284
www.bestagd.eu,AVAILABILITY,origin.list,2021-07-04 04:13:39.988927
www.bezpytan.pl,AVAILABILITY,origin.list,2021-07-04 04:14:14.753114
www.bifrost.pl,AVAILABILITY,origin.list,2021-07-04 04:14:45.837311
www.biurogt.info,AVAILABILITY,origin.list,2021-07-04 04:15:13.793790
www.biurorachunkowevademecum.pl,AVAILABILITY,origin.list,2021-07-04 04:15:21.414012
www.blazejperdek.pl,AVAILABILITY,origin.list,2021-07-04 04:15:36.476758
www.blubox.pl,AVAILABILITY,origin.list,2021-07-04 04:16:13.623588
www.blureflly.com,AVAILABILITY,origin.list,2021-07-04 04:16:31.649711
www.bmstudiourody.pl,AVAILABILITY,origin.list,2021-07-04 04:16:39.647680
www.bobopstryk.pl,AVAILABILITY,origin.list,2021-07-04 04:16:52.617786
www.bodykarma.pl,AVAILABILITY,origin.list,2021-07-04 04:17:01.442789
www.bolek69.pl,AVAILABILITY,origin.list,2021-07-04 04:17:22.981260
www.bookeria.pl,AVAILABILITY,origin.list,2021-07-04 04:17:36.341029
www.bottelux.pl,AVAILABILITY,origin.list,2021-07-04 04:18:11.791910
www.brumflix.com,AVAILABILITY,origin.list,2021-07-04 04:18:39.113550
www.bshop.pro,AVAILABILITY,origin.list,2021-07-04 04:18:57.786450
www.budoserv.pl,AVAILABILITY,origin.list,2021-07-04 04:19:12.084209
www.budujzdrowie.pl,AVAILABILITY,origin.list,2021-07-04 04:19:20.979437
www.butyasicsgellyte.pl,AVAILABILITY,origin.list,2021-07-04 04:19:48.692448
www.butyasicskayano.com,AVAILABILITY,origin.list,2021-07-04 04:19:55.369359
www.butyconversesklep.com,AVAILABILITY,origin.list,2021-07-04 04:20:02.095116
www.butyecosklep.com,AVAILABILITY,origin.list,2021-07-04 04:20:08.818937
www.butyjordansklep.pl,AVAILABILITY,origin.list,2021-07-04 04:20:16.732982
www.butykeenpolska.com,AVAILABILITY,origin.list,2021-07-04 04:20:23.487640
www.butynewb.pl,AVAILABILITY,origin.list,2021-07-04 04:20:55.441559
www.butypolskasklep.nadi8.com,AVAILABILITY,origin.list,2021-07-04 04:21:02.221323
www.butysuperstar.pl,AVAILABILITY,origin.list,2021-07-04 04:21:27.494521
www.butyultraboost.com,AVAILABILITY,origin.list,2021-07-04 04:21:34.290972
www.caffeepolit.pl,AVAILABILITY,origin.list,2021-07-04 04:22:05.763936
www.cameralucida.pl,AVAILABILITY,origin.list,2021-07-04 04:22:33.691279
www.camiliana.pl,AVAILABILITY,origin.list,2021-07-04 04:22:54.803641
www.cbldc.io,AVAILABILITY,origin.list,2021-07-04 04:23:14.982448
www.centrumrozwojuprestige.pl,AVAILABILITY,origin.list,2021-07-04 04:23:43.304233
www.centrumzklimatem.pl,AVAILABILITY,origin.list,2021-07-04 04:23:50.495626
www.certyfikatyit.pl,AVAILABILITY,origin.list,2021-07-04 04:23:58.299408
www.cgoutletpolska.com,AVAILABILITY,origin.list,2021-07-04 04:24:04.929207
www.chatasalino.com.pl,AVAILABILITY,origin.list,2021-07-04 04:24:17.664423
www.checkerboardpl.top,AVAILABILITY,origin.list,2021-07-04 04:25:14.590155
www.chickadee.com.pl,AVAILABILITY,origin.list,2021-07-04 04:25:22.981455
www.circlescatfish.com,AVAILABILITY,origin.list,2021-07-04 04:26:40.833320
www.clarkssklep.pl,AVAILABILITY,origin.list,2021-07-04 04:27:00.794475
www.clubpanorama.pl,AVAILABILITY,origin.list,2021-07-04 04:27:50.335129
www.coachhouseballarat.com,AVAILABILITY,origin.list,2021-07-04 04:27:57.090153
www.colorcici.com,AVAILABILITY,origin.list,2021-07-04 04:28:29.554421
www.conversepolska.com,AVAILABILITY,origin.list,2021-07-04 04:34:28.209456
www.coronovirusmasks.com,AVAILABILITY,origin.list,2021-07-04 04:34:39.168409
www.cpbldi.com,AVAILABILITY,origin.list,2021-07-04 04:35:09.769945
www.cpbld.co,AVAILABILITY,origin.list,2021-07-04 04:35:17.475389
www.cpm10.com,AVAILABILITY,origin.list,2021-07-04 04:35:31.314743
www.cytryniaki.pl,AVAILABILITY,origin.list,2021-07-04 04:36:21.135116
www.czachopismo.pl,AVAILABILITY,origin.list,2021-07-04 04:36:28.121224
www.czarnirudno.pl,AVAILABILITY,origin.list,2021-07-04 04:36:35.117781
www.czilikafe.pl,AVAILABILITY,origin.list,2021-07-04 04:36:41.763168
www.czydamyrade.pl,AVAILABILITY,origin.list,2021-07-04 04:36:49.339777
www.danafashiontrends.us,AVAILABILITY,origin.list,2021-07-04 04:38:26.671363
www.dariuszdopierala.pl,AVAILABILITY,origin.list,2021-07-04 04:38:33.795515
www.dariuszskowron.pl,AVAILABILITY,origin.list,2021-07-04 04:38:40.704335
www.das33.io,AVAILABILITY,origin.list,2021-07-04 04:38:53.618554
www.dbo2.pl,AVAILABILITY,origin.list,2021-07-04 04:39:30.535813
www.deanteshop.pl,AVAILABILITY,origin.list,2021-07-04 04:39:37.283074
www.dekoracjawesela.pl,AVAILABILITY,origin.list,2021-07-04 04:39:57.321548
www.delights.store,AVAILABILITY,origin.list,2021-07-04 04:40:03.637276
www.demokracjaxxiwieku.pl,AVAILABILITY,origin.list,2021-07-04 04:40:12.436238
www.diapress.pl,AVAILABILITY,origin.list,2021-07-04 04:40:58.802626
www.dietetykawyszkow.pl,AVAILABILITY,origin.list,2021-07-04 04:41:10.541472
www.djrafaell.pl,AVAILABILITY,origin.list,2021-07-04 04:41:22.658204
www.dkgraf.pl,AVAILABILITY,origin.list,2021-07-04 04:41:29.480067
www.dlaturystow.com.pl,AVAILABILITY,origin.list,2021-07-04 04:41:45.153857
www.dobredeale.pl,AVAILABILITY,origin.list,2021-07-04 04:42:27.271528
www.dojaroslawca.pl,AVAILABILITY,origin.list,2021-07-04 04:42:40.446733
www.domyposoka.pl,AVAILABILITY,origin.list,2021-07-04 04:43:18.099947
www.dopaczki.pl,AVAILABILITY,origin.list,2021-07-04 04:43:31.019922
www.dorszfishandchips.pl,AVAILABILITY,origin.list,2021-07-04 04:43:37.714681
www.dragonist.pl,AVAILABILITY,origin.list,2021-07-04 04:44:08.444157
www.drbutyonline.com,AVAILABILITY,origin.list,2021-07-04 04:44:14.979345
www.drmartensbuty.pl,AVAILABILITY,origin.list,2021-07-04 04:44:29.102901
www.drmartensskleppolska.com,AVAILABILITY,origin.list,2021-07-04 04:44:41.639048
www.drukmarket.eu,AVAILABILITY,origin.list,2021-07-04 04:44:52.766600
www.drukmet.eu,AVAILABILITY,origin.list,2021-07-04 04:44:59.117002
www.drukopol.net,AVAILABILITY,origin.list,2021-07-04 04:45:05.403618
www.dyskotekafantazja.pl,AVAILABILITY,origin.list,2021-07-04 04:45:40.798850
www.dziendobry.org.pl,AVAILABILITY,origin.list,2021-07-04 04:45:53.049189
www.ebfgoldenclub.pl,AVAILABILITY,origin.list,2021-07-04 04:45:59.715676
www.ebuty.net.pl,AVAILABILITY,origin.list,2021-07-04 04:46:13.748705
www.eccoeustore.com,AVAILABILITY,origin.list,2021-07-04 04:46:20.147821
www.eccopolska.pl,AVAILABILITY,origin.list,2021-07-04 04:46:26.965519
www.eccopromocje.pl,AVAILABILITY,origin.list,2021-07-04 04:46:33.333843
www.edofinansowania.eu,AVAILABILITY,origin.list,2021-07-04 04:46:45.888813
www.edukacjawakcji.pl,AVAILABILITY,origin.list,2021-07-04 04:46:57.596429
www.egregorikoi.pl,AVAILABILITY,origin.list,2021-07-04 04:47:13.896206
www.ekstrafilmy24.pl,AVAILABILITY,origin.list,2021-07-04 04:47:39.594109
www.elektro.waw.pl,AVAILABILITY,origin.list,2021-07-04 04:48:26.388570
www.enklaawa.pl,AVAILABILITY,origin.list,2021-07-04 04:48:38.325292
www.erunners.pl,AVAILABILITY,origin.list,2021-07-04 04:49:23.214355
www.erunner.pl,AVAILABILITY,origin.list,2021-07-04 04:49:29.716022
www.esthetiquebazaar.pl,AVAILABILITY,origin.list,2021-07-04 04:49:51.240853
www.esyfloresyonline.pl,AVAILABILITY,origin.list,2021-07-04 04:49:57.747893
www.europaubram.pl,AVAILABILITY,origin.list,2021-07-04 04:50:45.310766
www.fajnewierszyki.pl,AVAILABILITY,origin.list,2021-07-04 04:51:46.073025
www.fanfishing.pl,AVAILABILITY,origin.list,2021-07-04 04:52:07.843671
www.fantasticpoland.com,AVAILABILITY,origin.list,2021-07-04 04:52:14.163876
www.fasadagliwice.pl,AVAILABILITY,origin.list,2021-07-04 04:52:29.903784
www.feed.engage.im,AVAILABILITY,origin.list,2021-07-04 04:52:56.052111
www.fenixsiennica.pl,AVAILABILITY,origin.list,2021-07-04 04:53:03.312109
www.ferrosoft.com.pl,AVAILABILITY,origin.list,2021-07-04 04:53:20.374412
www.filapl.pl,AVAILABILITY,origin.list,2021-07-04 04:53:39.066530
www.filapolska.com,AVAILABILITY,origin.list,2021-07-04 04:53:45.311366
www.fireads.pl,AVAILABILITY,origin.list,2021-07-04 05:24:25.093474
www.fitfloppolska.com,AVAILABILITY,origin.list,2021-07-04 05:25:19.885202
www.fizjoreha.pl,AVAILABILITY,origin.list,2021-07-04 05:25:34.940292
www.flexfilm.pl,AVAILABILITY,origin.list,2021-07-04 05:25:54.260160
www.flexgum.pl,AVAILABILITY,origin.list,2021-07-04 05:26:02.550974
www.florabacter.pl,AVAILABILITY,origin.list,2021-07-04 05:26:11.336875
www.forumfot.pl,AVAILABILITY,origin.list,2021-07-04 05:27:02.064965
www.fotobudkahihotka.pl,AVAILABILITY,origin.list,2021-07-04 05:27:32.532958
www.fotocard.pl,AVAILABILITY,origin.list,2021-07-04 05:27:42.259155
www.fotojagodaskora.pl,AVAILABILITY,origin.list,2021-07-04 05:27:51.608845
www.fotos3d.pl,AVAILABILITY,origin.list,2021-07-04 05:28:05.364542
www.fotowalkowska.pl,AVAILABILITY,origin.list,2021-07-04 05:28:14.914107
www.foxmediatv.pl,AVAILABILITY,origin.list,2021-07-04 05:28:24.426909
www.frio.com.pl,AVAILABILITY,origin.list,2021-07-04 05:28:50.157085
www.fundacjaanimus.com.pl,AVAILABILITY,origin.list,2021-07-04 05:29:10.224269
www.fundacjazycieodnowa.pl,AVAILABILITY,origin.list,2021-07-04 05:29:27.732268
www.funnyfotobox.pl,AVAILABILITY,origin.list,2021-07-04 05:29:49.221243
www.futbolwtrojwymiarze.pl,AVAILABILITY,origin.list,2021-07-04 05:30:04.930438
www.gadzetygdynia.pl,AVAILABILITY,origin.list,2021-07-04 05:30:39.969577
www.gadzety.club,AVAILABILITY,origin.list,2021-07-04 05:30:46.749257
www.gastroakcesoria.pl,AVAILABILITY,origin.list,2021-07-04 05:31:36.354665
www.gatezio.com,AVAILABILITY,origin.list,2021-07-04 05:31:43.199764
www.gayfakt.pl,AVAILABILITY,origin.list,2021-07-04 05:31:52.036153
www.gekonmedia.pl,AVAILABILITY,origin.list,2021-07-04 05:32:00.668699
www.generalautoparts.pl,AVAILABILITY,origin.list,2021-07-04 05:32:13.943604
www.genotypstudio.pl,AVAILABILITY,origin.list,2021-07-04 05:32:41.567196
www.gikon.pl,AVAILABILITY,origin.list,2021-07-04 05:33:22.092460
www.gim2olkusz.pl,AVAILABILITY,origin.list,2021-07-04 05:33:30.265958
www.gimaleksandrow.pl,AVAILABILITY,origin.list,2021-07-04 05:33:39.342363
www.gimnazjumwielgie.pl,AVAILABILITY,origin.list,2021-07-04 05:33:59.883231
www.gimnazjumzlotniki.pl,AVAILABILITY,origin.list,2021-07-04 05:34:08.677325
www.gliwicekomornik.com.pl,AVAILABILITY,origin.list,2021-07-04 05:34:26.025588
www.globalkompleks.pl,AVAILABILITY,origin.list,2021-07-04 05:34:35.563492
www.goodlife7.pl,AVAILABILITY,origin.list,2021-07-04 05:35:11.915082
www.granicasportu.pl,AVAILABILITY,origin.list,2021-07-04 05:36:06.749314
www.granitowyogrod.pl,AVAILABILITY,origin.list,2021-07-04 05:36:15.015199
www.grassridgekennel.com,AVAILABILITY,origin.list,2021-07-04 05:36:47.206372
www.greenfit24.pl,AVAILABILITY,origin.list,2021-07-04 05:37:07.748564
www.groteskaarabians.com.pl,AVAILABILITY,origin.list,2021-07-04 05:37:29.683259
www.gryonline24h.pl,AVAILABILITY,origin.list,2021-07-04 05:37:48.786617
www.hammessandandgravel.com,AVAILABILITY,origin.list,2021-07-04 05:38:27.793141
www.hawanczykaura.com.pl,AVAILABILITY,origin.list,2021-07-04 05:39:10.514059
www.headjordan.com,AVAILABILITY,origin.list,2021-07-04 05:39:25.018501
www.hejdeals.pl,AVAILABILITY,origin.list,2021-07-04 05:39:33.466896
www.hellbellas.pl,AVAILABILITY,origin.list,2021-07-04 05:39:42.819353
www.herbabyqba.pl,AVAILABILITY,origin.list,2021-07-04 05:39:50.406387
www.herinstastyle.com,AVAILABILITY,origin.list,2021-07-04 05:40:04.915009
www.hizars.com,AVAILABILITY,origin.list,2021-07-04 05:40:35.670406
www.hodowlaskalia.pl,AVAILABILITY,origin.list,2021-07-04 05:40:59.603858
www.hokaoneonepolska.com,AVAILABILITY,origin.list,2021-07-04 05:41:06.491446
www.homeopatiakoszalin.pl,AVAILABILITY,origin.list,2021-07-04 05:41:33.600556
www.hostelduszniki.pl,AVAILABILITY,origin.list,2021-07-04 05:41:49.026247
www.hotchkissflowersco.com,AVAILABILITY,origin.list,2021-07-04 05:41:56.283515
www.http4u.pl,AVAILABILITY,origin.list,2021-07-04 05:42:05.418469
www.ilearnex.pl,AVAILABILITY,origin.list,2021-07-04 06:02:10.024224
www.iloveszczyrk.pl,AVAILABILITY,origin.list,2021-07-04 06:02:16.931838
www.infobaby.pl,AVAILABILITY,origin.list,2021-07-04 06:02:42.575836
www.innowacjewmarketingu.pl,AVAILABILITY,origin.list,2021-07-04 06:02:50.853441
www.innowacyjnybiofeedback.pl,AVAILABILITY,origin.list,2021-07-04 06:02:58.761228
www.inspektorzyzieleni.pl,AVAILABILITY,origin.list,2021-07-04 06:03:06.660985
www.intergsm.pl,AVAILABILITY,origin.list,2021-07-04 06:03:41.246937
www.jacekfuchs.pl,AVAILABILITY,origin.list,2021-07-04 06:06:48.031670
www.jacketoutlet.pl,AVAILABILITY,origin.list,2021-07-04 06:06:55.730462
www.jadwigawrzesinska.pl,AVAILABILITY,origin.list,2021-07-04 06:07:10.058996
www.jamajkazorawy.pl,AVAILABILITY,origin.list,2021-07-04 06:07:32.066961
www.jankotlarz.pl,AVAILABILITY,origin.list,2021-07-04 06:07:52.863975
www.janparkiet.pl,AVAILABILITY,origin.list,2021-07-04 06:08:10.408164
www.januszbysina.pl,AVAILABILITY,origin.list,2021-07-04 06:08:18.316311
www.jeleniedybowskiego.pl,AVAILABILITY,origin.list,2021-07-04 06:08:59.311187
www.julesvilla.pl,AVAILABILITY,origin.list,2021-07-04 06:09:41.564754
www.jump.ogtrk.net,AVAILABILITY,origin.list,2021-07-04 06:09:53.554704
www.kaloryferypoznan.pl,AVAILABILITY,origin.list,2021-07-04 06:10:11.182762
www.kaltive.com,AVAILABILITY,origin.list,2021-07-04 06:10:26.668789
www.kancelariaskawina.pl,AVAILABILITY,origin.list,2021-07-04 06:10:43.116393
www.kantorfrank.pl,AVAILABILITY,origin.list,2021-07-04 06:11:10.472376
www.karatejaktorow.pl,AVAILABILITY,origin.list,2021-07-04 06:11:31.927303
www.kaskadarugby.pl,AVAILABILITY,origin.list,2021-07-04 06:11:50.685078
www.katarzynaczochara.pl,AVAILABILITY,origin.list,2021-07-04 06:12:10.325398
www.kddz.pl,AVAILABILITY,origin.list,2021-07-04 06:12:26.828123
www.kebabnisko.pl,AVAILABILITY,origin.list,2021-07-04 06:12:34.414083
www.kinslowwpolsce.pl,AVAILABILITY,origin.list,2021-07-04 06:13:08.794804
www.kiwiapartament.pl,AVAILABILITY,origin.list,2021-07-04 06:13:34.919539
www.klubdemeter.pl,AVAILABILITY,origin.list,2021-07-04 06:14:20.963117
www.klubpbc.pl,AVAILABILITY,origin.list,2021-07-04 06:14:59.203226
www.kmgubezpieczenia.pl,AVAILABILITY,origin.list,2021-07-04 06:15:41.092810
www.kobietanadorobku.pl,AVAILABILITY,origin.list,2021-07-04 06:15:48.722183
www.koctronic.pl,AVAILABILITY,origin.list,2021-07-04 06:15:57.899008
www.konstancjanieruchomosci.com.pl,AVAILABILITY,origin.list,2021-07-04 06:16:42.832888
www.kororoweszyszki.pl,AVAILABILITY,origin.list,2021-07-04 06:16:50.748882
www.kpa24.pl,AVAILABILITY,origin.list,2021-07-04 06:17:14.967981
www.kredytybezbik.eu,AVAILABILITY,origin.list,2021-07-04 06:18:02.317051
www.kremidzem.pl,AVAILABILITY,origin.list,2021-07-04 06:18:09.239693
www.krolarlekin.com.pl,AVAILABILITY,origin.list,2021-07-04 06:18:16.544873
www.kryzyspolska.pl,AVAILABILITY,origin.list,2021-07-04 06:18:34.223173
www.ksiegabiznesu.pl,AVAILABILITY,origin.list,2021-07-04 06:18:57.282475
www.ksuniazabkowice.pl,AVAILABILITY,origin.list,2021-07-04 06:19:05.157251
www.ktdw.pl,AVAILABILITY,origin.list,2021-07-04 06:19:12.683040
www.kupujprzeztelefon.pl,AVAILABILITY,origin.list,2021-07-04 06:19:34.591976
www.kuzniauwb.pl,AVAILABILITY,origin.list,2021-07-04 06:20:24.873155
www.kwwnaszagminanaszpowiat.pl,AVAILABILITY,origin.list,2021-07-04 06:20:49.945186
www.labartin6.com,AVAILABILITY,origin.list,2021-07-04 06:21:05.883234
www.laguna24.pl,AVAILABILITY,origin.list,2021-07-04 06:21:20.184381
www.laolle.com,AVAILABILITY,origin.list,2021-07-04 06:21:26.970574
www.lavist55.com,AVAILABILITY,origin.list,2021-07-04 06:21:51.191210
www.leafcreative.pl,AVAILABILITY,origin.list,2021-07-04 06:29:32.265639
www.legiakul.pl,AVAILABILITY,origin.list,2021-07-04 06:30:07.837974
www.lenaprojekt.pl,AVAILABILITY,origin.list,2021-07-04 06:30:25.597369
www.linuxpoludzku.pl,AVAILABILITY,origin.list,2021-07-04 06:31:26.263122
www.lnpush.pl,AVAILABILITY,origin.list,2021-07-04 06:31:52.036564
www.localpressawards.pl,AVAILABILITY,origin.list,2021-07-04 06:31:59.413442
www.londonharold.com,AVAILABILITY,origin.list,2021-07-04 06:32:31.823702
www.lookatfashion.com.pl,AVAILABILITY,origin.list,2021-07-04 06:32:44.253303
www.lotywizzair.pl,AVAILABILITY,origin.list,2021-07-04 06:33:22.810347
www.lovett5.com,AVAILABILITY,origin.list,2021-07-04 06:33:58.919870
www.madeinprl.pl,AVAILABILITY,origin.list,2021-07-04 06:35:29.675145
www.madum.pl,AVAILABILITY,origin.list,2021-07-04 06:35:42.737930
www.maendo.tv,AVAILABILITY,origin.list,2021-07-04 06:36:00.830572
www.magiaperspektywy.pl,AVAILABILITY,origin.list,2021-07-04 06:36:08.085874
www.majcioch.pl,AVAILABILITY,origin.list,2021-07-04 06:36:30.976770
www.malneo44.com,AVAILABILITY,origin.list,2021-07-04 06:37:14.701510
www.mamawpodrozy.pl,AVAILABILITY,origin.list,2021-07-04 06:37:22.096095
www.marinacape.com.pl,AVAILABILITY,origin.list,2021-07-04 06:38:53.182008
www.martenssklep.com,AVAILABILITY,origin.list,2021-07-04 06:39:36.276880
www.martensypolska.com,AVAILABILITY,origin.list,2021-07-04 06:39:42.816154
www.matkotymoja.pl,AVAILABILITY,origin.list,2021-07-04 06:40:40.689852
www.maungatautarilodge.com,AVAILABILITY,origin.list,2021-07-04 06:40:54.253665
www.mayonez.pl,AVAILABILITY,origin.list,2021-07-04 06:41:32.103221
www.meblenazamowieniereda.pl,AVAILABILITY,origin.list,2021-07-04 06:41:56.831175
www.medcomcenter.pl,AVAILABILITY,origin.list,2021-07-04 06:42:04.007510
www.medicare4b.com,AVAILABILITY,origin.list,2021-07-04 06:42:16.279014
www.meetcheap.pl,AVAILABILITY,origin.list,2021-07-04 06:42:36.874566
www.megazakupy.net,AVAILABILITY,origin.list,2021-07-04 06:42:48.174964
www.metalroofinggiants.com,AVAILABILITY,origin.list,2021-07-04 06:43:48.888185
www.mgrallygroup.pl,AVAILABILITY,origin.list,2021-07-04 06:44:01.288444
www.miastadwazero.pl,AVAILABILITY,origin.list,2021-07-04 06:44:10.032723
www.michalkansy.pl,AVAILABILITY,origin.list,2021-07-04 06:44:21.424584
www.migawkastudio.pl,AVAILABILITY,origin.list,2021-07-04 06:44:53.447991
www.mkzmudzki.pl,AVAILABILITY,origin.list,2021-07-04 06:46:01.273757
www.mlecznestalezdrowe.pl,AVAILABILITY,origin.list,2021-07-04 06:46:08.838728
www.mobilanie.pl,AVAILABILITY,origin.list,2021-07-04 06:46:35.275047
www.mojepiwa.pl,AVAILABILITY,origin.list,2021-07-04 06:47:38.985151
www.monikadepczynska.pl,AVAILABILITY,origin.list,2021-07-04 06:48:15.428088
www.monikajaskowiak.pl,AVAILABILITY,origin.list,2021-07-04 06:48:22.969511
www.monkeytreephoto.com,AVAILABILITY,origin.list,2021-07-04 06:48:29.732767
www.morskikwiat.pl,AVAILABILITY,origin.list,2021-07-04 06:48:41.740814
www.motoeast.pl,AVAILABILITY,origin.list,2021-07-04 06:58:36.568546
www.mrowkapiechowice.pl,AVAILABILITY,origin.list,2021-07-04 06:59:12.764827
www.muppetowecentrum.pl,AVAILABILITY,origin.list,2021-07-04 06:59:36.950169
www.muverbo.pl,AVAILABILITY,origin.list,2021-07-04 06:59:51.786081
www.myroomdesign.pl,AVAILABILITY,origin.list,2021-07-04 07:00:07.125515
www.mysafemarket.com,AVAILABILITY,origin.list,2021-07-04 07:00:13.779478
www.nabardzkiej.pl,AVAILABILITY,origin.list,2021-07-04 07:00:28.088204
www.nabazarze.pl,AVAILABILITY,origin.list,2021-07-04 07:00:45.748752
www.nakuropatwiej.pl,AVAILABILITY,origin.list,2021-07-04 07:01:20.696394
www.naprawadachu.com.pl,AVAILABILITY,origin.list,2021-07-04 07:02:02.424950
www.narzedzia.club,AVAILABILITY,origin.list,2021-07-04 07:02:25.077763
www.nastik5.com,AVAILABILITY,origin.list,2021-07-04 07:04:04.271337
www.naszregion24.pl,AVAILABILITY,origin.list,2021-07-04 07:04:18.053301
www.natools.eu,AVAILABILITY,origin.list,2021-07-04 07:04:29.516622
www.naturalcelltherapy.pl,AVAILABILITY,origin.list,2021-07-04 07:04:45.912861
www.nbbuty.pl,AVAILABILITY,origin.list,2021-07-04 07:05:08.627036
www.nclick.pl,AVAILABILITY,origin.list,2021-07-04 07:05:22.935436
www.netoutlet24.com,AVAILABILITY,origin.list,2021-07-04 07:06:05.654443
www.nikedctstore.pl,AVAILABILITY,origin.list,2021-07-04 07:06:36.309066
www.nikeoutlet.pl,AVAILABILITY,origin.list,2021-07-04 07:06:43.395407
www.nikokart.pl,AVAILABILITY,origin.list,2021-07-04 07:06:50.655273
www.ninawertz.pl,AVAILABILITY,origin.list,2021-07-04 07:07:04.617936
www.nkbutysportowe.com,AVAILABILITY,origin.list,2021-07-04 07:07:24.513465
www.nknikeair.pl,AVAILABILITY,origin.list,2021-07-04 07:07:32.777169
www.northfacepl.com,AVAILABILITY,origin.list,2021-07-04 07:07:51.650107
www.notesoftheblue.pl,AVAILABILITY,origin.list,2021-07-04 07:08:47.645265
www.notifyday.com,AVAILABILITY,origin.list,2021-07-04 07:08:54.368258
www.novamotylarnia.pl,AVAILABILITY,origin.list,2021-07-04 07:09:02.219899
www.nowebutyasics.com,AVAILABILITY,origin.list,2021-07-04 07:09:09.072200
www.nowoczesnafizjoterapia.pl,AVAILABILITY,origin.list,2021-07-04 07:09:16.060257
www.oberzapodorzechem.pl,AVAILABILITY,origin.list,2021-07-04 07:09:30.847455
www.objawytarczycy.com.pl,AVAILABILITY,origin.list,2021-07-04 07:09:38.232374
www.obudzgeniusza.pl,AVAILABILITY,origin.list,2021-07-04 07:09:47.068336
www.obuwiepl.com,AVAILABILITY,origin.list,2021-07-04 07:09:53.768343
www.oczamipedagoga.pl,AVAILABILITY,origin.list,2021-07-04 07:10:01.127522
www.odchudzaniezpasja.pl,AVAILABILITY,origin.list,2021-07-04 07:10:28.887415
www.oderkaopole.pl,AVAILABILITY,origin.list,2021-07-04 07:10:36.338814
www.odkryjfb.pl,AVAILABILITY,origin.list,2021-07-04 07:10:51.294167
www.ofelite.top,AVAILABILITY,origin.list,2021-07-04 07:11:01.643235
www.ofertypremium.pl,AVAILABILITY,origin.list,2021-07-04 07:11:08.904170
www.offerunt.pl,AVAILABILITY,origin.list,2021-07-04 07:11:16.647096
www.olubin.pl,AVAILABILITY,origin.list,2021-07-04 07:12:29.759529
www.onlineappcheats.com,AVAILABILITY,origin.list,2021-07-04 07:12:43.812608
www.onlinepolska.com,AVAILABILITY,origin.list,2021-07-04 07:12:50.514891
www.operacjachuligan.pl,AVAILABILITY,origin.list,2021-07-04 07:13:17.756242
www.oponymagcarleszno.pl,AVAILABILITY,origin.list,2021-07-04 07:13:31.833518
www.ortofondj.pl,AVAILABILITY,origin.list,2021-07-04 07:13:59.377853
www.orzelprusice.pl,AVAILABILITY,origin.list,2021-07-04 07:14:15.107906
www.osiedlebrzechwy.com.pl,AVAILABILITY,origin.list,2021-07-04 07:14:22.603583
www.osiedlecetnarskiego.pl,AVAILABILITY,origin.list,2021-07-04 07:15:20.183362
www.oskmiekisiak.pl,AVAILABILITY,origin.list,2021-07-04 07:15:27.891917
www.ospmazancowice.pl,AVAILABILITY,origin.list,2021-07-04 07:15:35.778007
www.ostrewarzywko.pl,AVAILABILITY,origin.list,2021-07-04 07:15:44.582849
www.oszukacruletke.pl,AVAILABILITY,origin.list,2021-07-04 07:16:07.083886
www.otobajka.com.pl,AVAILABILITY,origin.list,2021-07-04 07:16:14.552070
www.outbutypt.online,AVAILABILITY,origin.list,2021-07-04 07:16:21.362024
www.owdominikana.pl,AVAILABILITY,origin.list,2021-07-04 07:16:36.696529
www.oxword.pl,AVAILABILITY,origin.list,2021-07-04 07:16:44.563164
www.ozdobyswiateczne.net,AVAILABILITY,origin.list,2021-07-04 07:16:51.403796
www.paifemouchoa.com,AVAILABILITY,origin.list,2021-07-04 07:17:26.769924
www.palloosweddings.com,AVAILABILITY,origin.list,2021-07-04 07:17:33.297428
www.papierosysklep.pl,AVAILABILITY,origin.list,2021-07-04 07:17:51.889916
www.papla.pl,AVAILABILITY,origin.list,2021-07-04 07:18:02.142917
www.parafiabrzyskorzystew.pl,AVAILABILITY,origin.list,2021-07-04 07:25:13.574410
www.parafiaplaw.pl,AVAILABILITY,origin.list,2021-07-04 07:25:21.642019
www.parkietyszczecin.pl,AVAILABILITY,origin.list,2021-07-04 07:25:34.285626
www.partnergroupe.com,AVAILABILITY,origin.list,2021-07-04 07:25:47.994602
www.patiavo.com,AVAILABILITY,origin.list,2021-07-04 07:27:05.032381
www.patioprovence.pl,AVAILABILITY,origin.list,2021-07-04 07:27:12.884676
www.paweljuros.pl,AVAILABILITY,origin.list,2021-07-04 07:27:25.648078
www.pccooler.com.pl,AVAILABILITY,origin.list,2021-07-04 07:27:37.875893
www.perfectdeco.pl,AVAILABILITY,origin.list,2021-07-04 07:28:05.873489
www.pertiso555.com,AVAILABILITY,origin.list,2021-07-04 07:29:56.480224
www.phusimson.pl,AVAILABILITY,origin.list,2021-07-04 07:30:14.537369
www.piosenkapozytywna.pl,AVAILABILITY,origin.list,2021-07-04 07:31:29.299147
www.piritto5.com,AVAILABILITY,origin.list,2021-07-04 07:31:36.035778
www.piwiarniagdynia.pl,AVAILABILITY,origin.list,2021-07-04 07:31:50.785774
www.pixxi.pl,AVAILABILITY,origin.list,2021-07-04 07:32:23.414076
www.plakatypropagandowe.pl,AVAILABILITY,origin.list,2021-07-04 07:33:43.763684
www.platinumprestige.pl,AVAILABILITY,origin.list,2021-07-04 07:34:02.154675
www.playgames4u.com,AVAILABILITY,origin.list,2021-07-04 07:35:19.577798
www.pmanager.pl,AVAILABILITY,origin.list,2021-07-04 07:36:05.341552
www.pobierznet.pl,AVAILABILITY,origin.list,2021-07-04 07:36:13.134458
www.podatnik.net,AVAILABILITY,origin.list,2021-07-04 07:36:24.279678
www.polaki.shop,AVAILABILITY,origin.list,2021-07-04 07:36:58.935366
www.pomagamleczyc.pl,AVAILABILITY,origin.list,2021-07-04 07:38:36.607777
www.pomorskidom.pl,AVAILABILITY,origin.list,2021-07-04 07:39:08.318950
www.pomozbudowac.pl,AVAILABILITY,origin.list,2021-07-04 07:39:15.478455
www.popaki.pl,AVAILABILITY,origin.list,2021-07-04 07:39:23.587190
www.porvitto.com,AVAILABILITY,origin.list,2021-07-04 07:39:40.014795
www.powearth.pl,AVAILABILITY,origin.list,2021-07-04 07:40:07.726970
www.powodzeniamamo.pl,AVAILABILITY,origin.list,2021-07-04 07:40:20.957673
www.pozkompleks.com.pl,AVAILABILITY,origin.list,2021-07-04 07:40:28.734395
www.pozytywnerodzicielstwo.pl,AVAILABILITY,origin.list,2021-07-04 07:40:57.225421
www.pracowniaarte.pl,AVAILABILITY,origin.list,2021-07-04 07:41:29.723587
www.profitmaximizer.co,AVAILABILITY,origin.list,2021-07-04 07:43:40.321988
www.projektinspiracja.pl,AVAILABILITY,origin.list,2021-07-04 07:44:03.758604
www.protesttaxi.pl,AVAILABILITY,origin.list,2021-07-04 07:44:42.257832
www.pryzma.com.pl,AVAILABILITY,origin.list,2021-07-04 07:44:49.705465
www.przemyslawrenn.pl,AVAILABILITY,origin.list,2021-07-04 07:51:24.091421
www.przystojnypanicz.pl,AVAILABILITY,origin.list,2021-07-04 07:51:59.055812
www.psychokosmetyka.com.pl,AVAILABILITY,origin.list,2021-07-04 07:52:29.676176
www.puckiewopr.pl,AVAILABILITY,origin.list,2021-07-04 07:52:50.765736
www.pumaprzeceny.pl,AVAILABILITY,origin.list,2021-07-04 07:52:57.361107
www.pumatanio.com,AVAILABILITY,origin.list,2021-07-04 07:53:03.888992
www.purething.pl,AVAILABILITY,origin.list,2021-07-04 07:53:16.439107
www.pynio.pl,AVAILABILITY,origin.list,2021-07-04 07:53:28.861677
www.pyrchla.pl,AVAILABILITY,origin.list,2021-07-04 07:53:36.457810
www.quickmouse.pl,AVAILABILITY,origin.list,2021-07-04 07:54:08.514931
www.racingkrakow.pl,AVAILABILITY,origin.list,2021-07-04 07:54:25.688534
www.rakietynawode.pl,AVAILABILITY,origin.list,2021-07-04 07:55:20.865561
www.ralphlaurenkolekta.pl,AVAILABILITY,origin.list,2021-07-04 07:55:28.018209
www.ranczobojszowy.pl,AVAILABILITY,origin.list,2021-07-04 07:56:07.980925
www.rbffn.net,AVAILABILITY,origin.list,2021-07-04 07:56:22.873423
www.rbfrh.com,AVAILABILITY,origin.list,2021-07-04 07:56:29.282938
www.rbghu.com,AVAILABILITY,origin.list,2021-07-04 07:56:35.675126
www.rbkkg.net,AVAILABILITY,origin.list,2021-07-04 07:56:42.035590
www.rbreebokcrossfit.pl,AVAILABILITY,origin.list,2021-07-04 07:56:48.941232
www.reebokskleppl.pl,AVAILABILITY,origin.list,2021-07-04 07:57:33.552904
www.remontax.pl,AVAILABILITY,origin.list,2021-07-04 07:58:36.314263
www.rentito.pl,AVAILABILITY,origin.list,2021-07-04 07:58:46.903065
www.rep.privatesearch.club,AVAILABILITY,origin.list,2021-07-04 07:58:53.189828
www.restauracjacarpaccio.pl,AVAILABILITY,origin.list,2021-07-04 07:59:07.298685
www.restorti4.com,AVAILABILITY,origin.list,2021-07-04 07:59:19.095282
www.revitib.com,AVAILABILITY,origin.list,2021-07-04 07:59:25.487327
www.rikoo.pl,AVAILABILITY,origin.list,2021-07-04 07:59:37.645767
www.riverbed.pl,AVAILABILITY,origin.list,2021-07-04 07:59:44.087810
www.riverparkbaseball.org,AVAILABILITY,origin.list,2021-07-04 07:59:51.816842
www.robertcielecki.pl,AVAILABILITY,origin.list,2021-07-04 08:00:03.937226
www.rodzicenasali.pl,AVAILABILITY,origin.list,2021-07-04 08:00:24.130510
www.rokom.net.pl,AVAILABILITY,origin.list,2021-07-04 08:00:30.809181
www.rolluphurt.com.pl,AVAILABILITY,origin.list,2021-07-04 08:00:37.260304
www.romind27.com,AVAILABILITY,origin.list,2021-07-04 08:00:43.783170
www.royalestate.com.pl,AVAILABILITY,origin.list,2021-07-04 08:01:28.261505
www.roztini51.com,AVAILABILITY,origin.list,2021-07-04 08:01:39.692504
www.rrbajkowa.pl,AVAILABILITY,origin.list,2021-07-04 08:01:46.419902
www.rudypazur.pl,AVAILABILITY,origin.list,2021-07-04 08:02:29.948821
www.runningpad.pl,AVAILABILITY,origin.list,2021-07-04 08:02:59.802034
www.rynkiewicz.com.pl,AVAILABILITY,origin.list,2021-07-04 08:03:12.273596
www.rzezak.pl,AVAILABILITY,origin.list,2021-07-04 08:03:18.805953
www.sameperelki.shop,AVAILABILITY,origin.list,2021-07-04 08:03:59.505979
www.samochodzik.club,AVAILABILITY,origin.list,2021-07-04 08:04:05.767150
www.satiwit.com,AVAILABILITY,origin.list,2021-07-04 08:04:58.012965
www.seovision.com.pl,AVAILABILITY,origin.list,2021-07-04 08:05:57.820465
www.serwisgaz.com.pl,AVAILABILITY,origin.list,2021-07-04 08:06:24.753823
www.shoesvclub.com,AVAILABILITY,origin.list,2021-07-04 08:07:11.782010
www.shootop.pl,AVAILABILITY,origin.list,2021-07-04 08:07:19.522792
www.shopine4.com,AVAILABILITY,origin.list,2021-07-04 08:07:25.993533
www.shop.brkcenter.com,AVAILABILITY,origin.list,2021-07-04 08:07:36.665195
www.shop.toyhs.com,AVAILABILITY,origin.list,2021-07-04 08:07:44.069767
www.siatkarzowelove.pl,AVAILABILITY,origin.list,2021-07-04 08:07:50.382929
www.sillex.com.pl,AVAILABILITY,origin.list,2021-07-04 08:08:31.455573
www.skechersbuty.com,AVAILABILITY,origin.list,2021-07-04 08:09:16.718890
www.sklep2018.com,AVAILABILITY,origin.list,2021-07-04 08:09:29.531674
www.sklepcolumbia.com,AVAILABILITY,origin.list,2021-07-04 08:09:42.574044
www.sklepnorthface.com,AVAILABILITY,origin.list,2021-07-04 08:09:48.852506
www.sklepszkolen.pl,AVAILABILITY,origin.list,2021-07-04 08:09:55.144991
www.skpfalenty.pl,AVAILABILITY,origin.list,2021-07-04 08:10:23.476299
www.skulicrew.pl,AVAILABILITY,origin.list,2021-07-04 08:10:29.880613
www.skullcrew.pl,AVAILABILITY,origin.list,2021-07-04 08:10:36.310876
www.smakifrancji.pl,AVAILABILITY,origin.list,2021-07-04 08:20:59.195104
www.smartraport.pl,AVAILABILITY,origin.list,2021-07-04 08:21:26.038729
www.sneakerhouse.com.pl,AVAILABILITY,origin.list,2021-07-04 08:22:10.303871
www.societyjezuufamtobie.pl,AVAILABILITY,origin.list,2021-07-04 08:22:39.546518
www.soltysprzeginianarodowa.pl,AVAILABILITY,origin.list,2021-07-04 08:23:31.717053
www.solvens.pl,AVAILABILITY,origin.list,2021-07-04 08:23:39.032940
www.sortier1.com,AVAILABILITY,origin.list,2021-07-04 08:23:57.803223
www.sp2mzc.pl,AVAILABILITY,origin.list,2021-07-04 08:24:09.464931
www.spamtitan.pl,AVAILABILITY,origin.list,2021-07-04 08:24:16.580320
www.specodstrony.pl,AVAILABILITY,origin.list,2021-07-04 08:24:37.739180
www.specpaka.pl,AVAILABILITY,origin.list,2021-07-04 08:24:45.324162
www.spedycjasrd.pl,AVAILABILITY,origin.list,2021-07-04 08:24:57.497548
www.speedcrossbuty.com,AVAILABILITY,origin.list,2021-07-04 08:25:04.187026
www.spplodz.pl,AVAILABILITY,origin.list,2021-07-04 08:26:24.564544
www.spzadabrowie.pl,AVAILABILITY,origin.list,2021-07-04 08:27:12.283930
www.statystykaopisowa.pl,AVAILABILITY,origin.list,2021-07-04 08:27:31.757262
www.stelvit.com,AVAILABILITY,origin.list,2021-07-04 08:28:21.670735
www.stenplus.onewaywinner.com,AVAILABILITY,origin.list,2021-07-04 08:28:28.206134
www.stolarniazgorzelec.pl,AVAILABILITY,origin.list,2021-07-04 08:28:49.032288
www.stoppodzialom.pl,AVAILABILITY,origin.list,2021-07-04 08:29:07.879426
www.strefaucznia.com.pl,AVAILABILITY,origin.list,2021-07-04 08:29:27.498239
www.strefysowki.pl,AVAILABILITY,origin.list,2021-07-04 08:29:51.582071
www.studentbpp.pl,AVAILABILITY,origin.list,2021-07-04 08:29:59.733046
www.studiofilmowehd.pl,AVAILABILITY,origin.list,2021-07-04 08:30:19.832829
www.stuntoffer.com,AVAILABILITY,origin.list,2021-07-04 08:30:26.531260
www.stylovemeble.pl,AVAILABILITY,origin.list,2021-07-04 08:30:58.566703
www.supergapolska.pl,AVAILABILITY,origin.list,2021-07-04 08:31:29.006679
www.supermedia.in.net,AVAILABILITY,origin.list,2021-07-04 08:31:36.079789
www.swegoods.com,AVAILABILITY,origin.list,2021-07-04 08:32:04.037773
www.swiatdory.pl,AVAILABILITY,origin.list,2021-07-04 08:32:12.016118
www.swiatgraweru.pl,AVAILABILITY,origin.list,2021-07-04 08:32:20.265823
www.swiatliter.pl,AVAILABILITY,origin.list,2021-07-04 08:32:27.850992
www.swiatpsychoterapii.pl,AVAILABILITY,origin.list,2021-07-04 08:33:37.373341
www.swietokrzyskieter.pl,AVAILABILITY,origin.list,2021-07-04 08:33:50.805887
www.swingersbang.pl,AVAILABILITY,origin.list,2021-07-04 08:34:05.386650
www.swodnik.pl,AVAILABILITY,origin.list,2021-07-04 08:34:13.774986
www.synergiareklama.pl,AVAILABILITY,origin.list,2021-07-04 08:34:29.842839
www.szaszlyk.club,AVAILABILITY,origin.list,2021-07-04 08:35:02.441896
www.szczepienie.net.pl,AVAILABILITY,origin.list,2021-07-04 08:35:10.195801
www.szczuplezwyczaje.pl,AVAILABILITY,origin.list,2021-07-04 08:35:24.322134
www.szczyptamiety.pl,AVAILABILITY,origin.list,2021-07-04 08:35:32.116954
www.szklarnia.club,AVAILABILITY,origin.list,2021-07-04 08:35:38.670312
www.szklarnia.top,AVAILABILITY,origin.list,2021-07-04 08:35:47.286159
www.szklarnie.club,AVAILABILITY,origin.list,2021-07-04 08:35:53.804580
www.szkolkamydlniki.pl,AVAILABILITY,origin.list,2021-07-04 08:36:00.887648
www.szoping.net,AVAILABILITY,origin.list,2021-07-04 08:36:07.595829
www.sztormland.com.pl,AVAILABILITY,origin.list,2021-07-04 08:36:15.475899
www.szybkikredyt.net,AVAILABILITY,origin.list,2021-07-04 08:36:42.365100
www.taboj.com,AVAILABILITY,origin.list,2021-07-04 08:36:49.002818
www.tadeuszgruszka.pl,AVAILABILITY,origin.list,2021-07-04 08:36:56.816730
www.talksinthecity.pl,AVAILABILITY,origin.list,2021-07-04 08:37:03.777100
www.taniecchojnice.pl,AVAILABILITY,origin.list,2021-07-04 08:37:11.136230
www.taniemaseczki.com.pl,AVAILABILITY,origin.list,2021-07-04 08:37:18.536083
www.tappark.top,AVAILABILITY,origin.list,2021-07-04 08:37:55.805953
www.targilotniczetorun.pl,AVAILABILITY,origin.list,2021-07-04 08:38:02.795243
www.tastypolewa.pl,AVAILABILITY,origin.list,2021-07-04 08:38:10.298593
www.technicprogress.pl,AVAILABILITY,origin.list,2021-07-04 08:38:22.751224
www.technologia24.com,AVAILABILITY,origin.list,2021-07-04 08:38:29.557325
www.technologiewpodrozy.pl,AVAILABILITY,origin.list,2021-07-04 08:38:37.389334
www.teespoon.co,AVAILABILITY,origin.list,2021-07-04 08:38:49.931058
www.terravi4.com,AVAILABILITY,origin.list,2021-07-04 08:39:42.082145
www.thebillizm.pl,AVAILABILITY,origin.list,2021-07-04 09:17:20.625390
www.thenestersband.com,AVAILABILITY,origin.list,2021-07-04 09:17:26.886887
www.theultimatebeds.com,AVAILABILITY,origin.list,2021-07-04 09:17:41.359943
www.timberlandpromocja.pl,AVAILABILITY,origin.list,2021-07-04 09:18:04.908447
www.timberlandtanio.pl,AVAILABILITY,origin.list,2021-07-04 09:18:11.754490
www.tomaszdworek.pl,AVAILABILITY,origin.list,2021-07-04 09:18:59.534427
www.tomekwrosole.pl,AVAILABILITY,origin.list,2021-07-04 09:19:15.345046
www.tomojbiznes.pl,AVAILABILITY,origin.list,2021-07-04 09:19:22.196256
www.topparagliding.pl,AVAILABILITY,origin.list,2021-07-04 09:19:47.066666
www.toprady.pl,AVAILABILITY,origin.list,2021-07-04 09:19:54.217291
www.toprtit.pl,AVAILABILITY,origin.list,2021-07-04 09:20:01.102378
www.torebkabutypolska.com,AVAILABILITY,origin.list,2021-07-04 09:20:07.428688
www.toysaley.com,AVAILABILITY,origin.list,2021-07-04 09:20:21.480882
www.toy.onlinekid.club,AVAILABILITY,origin.list,2021-07-04 09:20:38.325475
www.tpnk.pl,AVAILABILITY,origin.list,2021-07-04 09:20:45.249093
www.track.adsfast.com,AVAILABILITY,origin.list,2021-07-04 09:20:52.600450
www.trampkiconverse.com,AVAILABILITY,origin.list,2021-07-04 09:21:05.655414
www.trampkitanie.pl,AVAILABILITY,origin.list,2021-07-04 09:21:12.436748
www.transeuropaferries.pl,AVAILABILITY,origin.list,2021-07-04 09:21:19.258326
www.transkamil.pl,AVAILABILITY,origin.list,2021-07-04 09:21:26.112471
www.trella.com.pl,AVAILABILITY,origin.list,2021-07-04 09:21:37.141943
www.trendagd.pl,AVAILABILITY,origin.list,2021-07-04 09:21:43.948511
www.trusttastic.com,AVAILABILITY,origin.list,2021-07-04 09:22:19.818559
www.tuchos.pl,AVAILABILITY,origin.list,2021-07-04 09:22:38.915171
www.tukociel.pl,AVAILABILITY,origin.list,2021-07-04 09:22:46.293165
www.turboostrowiec.pl,AVAILABILITY,origin.list,2021-07-04 09:22:53.829094
www.turystykapolska.com.pl,AVAILABILITY,origin.list,2021-07-04 09:23:00.184553
www.twojalaweta.com.pl,AVAILABILITY,origin.list,2021-07-04 09:23:12.050955
www.twojewakacje.com.pl,AVAILABILITY,origin.list,2021-07-04 09:23:22.945597
www.tyipieniadze.pl,AVAILABILITY,origin.list,2021-07-04 09:23:35.758133
www.uapolska.com,AVAILABILITY,origin.list,2021-07-04 09:24:06.890129
www.ubezpieczenieociac.pl,AVAILABILITY,origin.list,2021-07-04 09:24:19.360358
www.uczsiejezykow.com.pl,AVAILABILITY,origin.list,2021-07-04 09:24:31.138527
www.uksstrzalwodzislaw.pl,AVAILABILITY,origin.list,2021-07-04 09:24:54.526470
www.ultratrck.com,AVAILABILITY,origin.list,2021-07-04 09:25:05.367825
www.unhallowed.pl,AVAILABILITY,origin.list,2021-07-04 09:25:18.492724
www.unipics.pl,AVAILABILITY,origin.list,2021-07-04 09:25:25.254217
www.urodzinyspar.pl,AVAILABILITY,origin.list,2021-07-04 09:25:43.141122
www.urwijnagrody.pl,AVAILABILITY,origin.list,2021-07-04 09:25:49.633847
www.uslugidlanauki.pl,AVAILABILITY,origin.list,2021-07-04 09:26:03.234332
www.uswiadomieni.pl,AVAILABILITY,origin.list,2021-07-04 09:26:18.425711
www.vanhanzdach.pl,AVAILABILITY,origin.list,2021-07-04 09:26:37.598270
www.vansbuty.pl,AVAILABILITY,origin.list,2021-07-04 09:26:51.161125
www.vansoutlet.pl,AVAILABILITY,origin.list,2021-07-04 09:27:11.879306
www.vansskleppolska.com,AVAILABILITY,origin.list,2021-07-04 09:27:18.458392
www.verdiwdomu.pl,AVAILABILITY,origin.list,2021-07-04 09:28:04.042103
www.vibbo.pl,AVAILABILITY,origin.list,2021-07-04 09:28:36.398046
www.vidzsource.net,AVAILABILITY,origin.list,2021-07-04 09:28:52.575340
www.vipcheats.us,AVAILABILITY,origin.list,2021-07-04 09:29:02.296555
www.virusblokada.pl,AVAILABILITY,origin.list,2021-07-04 09:29:09.365191
www.vitalib5.com,AVAILABILITY,origin.list,2021-07-04 09:29:53.731807
www.volleypila.pl,AVAILABILITY,origin.list,2021-07-04 09:30:24.104200
www.vseobuch.ru,AVAILABILITY,origin.list,2021-07-04 09:30:45.058620
www.walendzik.com.pl,AVAILABILITY,origin.list,2021-07-04 09:31:18.355832
www.warsawlimousine.pl,AVAILABILITY,origin.list,2021-07-04 09:31:31.235074
www.warterfoods.pl,AVAILABILITY,origin.list,2021-07-04 09:32:05.005656
www.wcozainwestowacpieniadze.pl,AVAILABILITY,origin.list,2021-07-04 09:32:25.476831
www.wczaso.pl,AVAILABILITY,origin.list,2021-07-04 09:32:55.615484
www.webrabi.pl,AVAILABILITY,origin.list,2021-07-04 09:33:02.644619
www.wedkarskaturystyka.pl,AVAILABILITY,origin.list,2021-07-04 09:33:14.237478
www.wellyss.pl,AVAILABILITY,origin.list,2021-07-04 09:33:20.984483
www.wesolywagonik.pl,AVAILABILITY,origin.list,2021-07-04 09:33:46.883139
www.wiktoriamila.pl,AVAILABILITY,origin.list,2021-07-04 09:34:43.597894
www.wildent.pl,AVAILABILITY,origin.list,2021-07-04 09:34:58.380356
www.windgrojec.pl,AVAILABILITY,origin.list,2021-07-04 09:35:05.486837
www.wiszniawksiazkach.pl,AVAILABILITY,origin.list,2021-07-04 09:35:41.838547
www.worldofmercenaries.pl,AVAILABILITY,origin.list,2021-07-04 09:36:26.977839
www.wwinvestgroup.pl,AVAILABILITY,origin.list,2021-07-04 10:38:25.716394
www.wyspaofert.com,AVAILABILITY,origin.list,2021-07-04 10:39:03.606921
www.wytfforniaglosu.pl,AVAILABILITY,origin.list,2021-07-04 10:39:11.532538
www.xogotel.com,AVAILABILITY,origin.list,2021-07-04 10:39:33.865085
www.yarito4.com,AVAILABILITY,origin.list,2021-07-04 10:39:49.520802
www.ychicenter.com,AVAILABILITY,origin.list,2021-07-04 10:39:56.225076
www.yogushop.com,AVAILABILITY,origin.list,2021-07-04 10:40:02.958594
www.zabashop.pl,AVAILABILITY,origin.list,2021-07-04 10:40:41.213221
www.zabawyogrodowe.com,AVAILABILITY,origin.list,2021-07-04 10:40:55.488064
www.zaglebiefanatykow.pl,AVAILABILITY,origin.list,2021-07-04 10:41:08.448917
www.zagner.pl,AVAILABILITY,origin.list,2021-07-04 10:41:16.092172
www.zantori65.com,AVAILABILITY,origin.list,2021-07-04 10:41:58.754868
www.zapierdalacze.pl,AVAILABILITY,origin.list,2021-07-04 10:42:15.057174
www.zelazkowkuchni.pl,AVAILABILITY,origin.list,2021-07-04 10:43:15.558227
www.zespolformat.com.pl,AVAILABILITY,origin.list,2021-07-04 10:43:46.959127
www.zevert55.com,AVAILABILITY,origin.list,2021-07-04 10:44:02.395176
www.zirconart.pl,AVAILABILITY,origin.list,2021-07-04 10:44:36.841866
www.zmotoryzowani24.pl,AVAILABILITY,origin.list,2021-07-04 10:44:52.815795
www.znajdzprzetargi.pl,AVAILABILITY,origin.list,2021-07-04 10:44:59.626147
www.zrobswiatlo.pl,AVAILABILITY,origin.list,2021-07-04 10:45:32.738235
www.zspbytonia.pl,AVAILABILITY,origin.list,2021-07-04 10:46:05.118082
www.zupaskarbow.pl,AVAILABILITY,origin.list,2021-07-04 10:46:34.835431
www.zurtchojnice.pl,AVAILABILITY,origin.list,2021-07-04 10:46:43.367496
www.zwierzynieckrakowski.pl,AVAILABILITY,origin.list,2021-07-04 10:46:55.474077
www.1bitstudio.pl,AVAILABILITY,origin.list,2021-07-04 10:47:04.697254
www.20pascals.nl,AVAILABILITY,origin.list,2021-07-04 10:47:57.032546
www.24papierosy.pl,AVAILABILITY,origin.list,2021-07-04 10:48:04.326633
www.adidas-polska.com,AVAILABILITY,origin.list,2021-07-04 10:48:18.281609
www.agroplant-grojec.pl,AVAILABILITY,origin.list,2021-07-04 10:48:25.159843
www.aldent-stomatologia.pl,AVAILABILITY,origin.list,2021-07-04 10:48:40.037861
www.ambasador-szczecin.pl,AVAILABILITY,origin.list,2021-07-04 10:48:54.565192
www.anuluj-natreta.pl,AVAILABILITY,origin.list,2021-07-04 10:49:17.173146
www.armia-pana.pl,AVAILABILITY,origin.list,2021-07-04 10:49:24.000127
www.atom-klan.pl,AVAILABILITY,origin.list,2021-07-04 10:49:39.355720
www.autoforum-businessday.pl,AVAILABILITY,origin.list,2021-07-04 10:49:58.635292
www.babajaga-deko.pl,AVAILABILITY,origin.list,2021-07-04 10:50:05.524275
www.bbu-edukacja.com.pl,AVAILABILITY,origin.list,2021-07-04 10:50:15.713072
www.bezpieczne-nieruchomosci.pl,AVAILABILITY,origin.list,2021-07-04 10:50:26.017035
www.bistro-apetyczna.pl,AVAILABILITY,origin.list,2021-07-04 10:50:41.056641
www.blog-in.biz,AVAILABILITY,origin.list,2021-07-04 10:50:50.673444
www.buczek-cukiernia.pl,AVAILABILITY,origin.list,2021-07-04 10:51:01.183684
www.cda-filmy.com.pl,AVAILABILITY,origin.list,2021-07-04 10:51:19.683502
www.chotto-ippuku.com,AVAILABILITY,origin.list,2021-07-04 10:51:37.372312
www.cs-kancelaria.pl,AVAILABILITY,origin.list,2021-07-04 10:52:03.492373
www.dachy-kobus.pl,AVAILABILITY,origin.list,2021-07-04 10:52:17.924026
www.drew-tex.pl,AVAILABILITY,origin.list,2021-07-04 10:52:46.517011
www.easy-hc24.pl,AVAILABILITY,origin.list,2021-07-04 10:53:00.837481
www.ecolife-home.com.pl,AVAILABILITY,origin.list,2021-07-04 10:53:18.154870
www.emobi-sys.com,AVAILABILITY,origin.list,2021-07-04 10:53:27.675514
www.esa-ochrona.pl,AVAILABILITY,origin.list,2021-07-04 10:53:43.702620
www.e-dorecz.pl,AVAILABILITY,origin.list,2021-07-04 10:53:56.775839
www.e-lektrosklep.com,AVAILABILITY,origin.list,2021-07-04 10:54:02.552396
www.fartuchy-kuchenne.pl,AVAILABILITY,origin.list,2021-07-04 10:54:16.091777
www.fitandjump-grudziadz.pl,AVAILABILITY,origin.list,2021-07-04 10:54:30.489013
www.forlife-szkolenia.pl,AVAILABILITY,origin.list,2021-07-04 10:54:41.321729
www.foto-set.com,AVAILABILITY,origin.list,2021-07-04 10:54:55.180405
www.fresh-finance.pl,AVAILABILITY,origin.list,2021-07-04 10:55:05.943475
www.gustaw-harnas.pl,AVAILABILITY,origin.list,2021-07-04 10:56:01.727961
www.hackerspace-lbn.pl,AVAILABILITY,origin.list,2021-07-04 10:56:07.855389
www.healthy-news.biz,AVAILABILITY,origin.list,2021-07-04 10:56:16.713628
www.higiena-koronawirus.pl,AVAILABILITY,origin.list,2021-07-04 10:56:32.890561
www.horyzont-chelm.pl,AVAILABILITY,origin.list,2021-07-04 10:56:39.397233
www.jak-rozmawiac.pl,AVAILABILITY,origin.list,2021-07-04 10:57:13.874627
www.jak-szybko-zarobic.com,AVAILABILITY,origin.list,2021-07-04 10:57:30.595671
www.amorza.pl,AVAILABILITY,origin.list,2022-03-07 05:37:16.407225
www.brevio.pl,AVAILABILITY,origin.list,2022-03-07 05:37:46.238309
www.butyhitec.com,AVAILABILITY,origin.list,2022-03-07 05:37:54.186564
www.crocsbutypl.com,AVAILABILITY,origin.list,2022-03-07 05:38:26.492724
www.espinheoutlet.fun,AVAILABILITY,origin.list,2022-03-07 05:38:54.711956
www.gionatti.com,AVAILABILITY,origin.list,2022-03-07 05:39:18.885754
www.gnootel.com,AVAILABILITY,origin.list,2022-03-07 05:39:24.651965
www.kompresory50.com,AVAILABILITY,origin.list,2022-03-07 05:40:10.231189
www.kompresory180.com,AVAILABILITY,origin.list,2022-03-07 05:40:10.452594
www.lombardfhu.net,AVAILABILITY,origin.list,2022-03-07 05:40:46.784132
www.new.yttdzmds.com,AVAILABILITY,origin.list,2022-03-07 05:41:10.861922
www.nfnry.store,AVAILABILITY,origin.list,2022-03-07 05:41:11.572359
www.sabatel.capital,AVAILABILITY,origin.list,2022-03-07 05:42:13.799125
www.streetvibe.pl,AVAILABILITY,origin.list,2022-03-07 05:42:47.362954
www.timberlandpolska.info,AVAILABILITY,origin.list,2022-03-07 05:43:06.857050
www.wissaa.online,AVAILABILITY,origin.list,2022-03-07 05:44:14.531033
www.ariat-polska.top,AVAILABILITY,origin.list,2022-03-07 05:44:45.679062
www.drabina-bp.com,AVAILABILITY,origin.list,2022-03-07 05:44:57.419351
www.centrum-agd.net,AVAILABILITY,origin.list,2022-03-07 05:44:57.574448
www.drmartens-pl.com,AVAILABILITY,origin.list,2022-03-07 05:44:57.965922
www.kompresory-max.com,AVAILABILITY,origin.list,2022-03-07 05:45:11.813121
www.pl-germivir.exclusive-goods.org,AVAILABILITY,origin.list,2022-03-07 05:45:15.192087
www.sprzet-treningowy.com,AVAILABILITY,origin.list,2022-03-07 05:45:19.641248
www.thegladbox-pl.com,AVAILABILITY,origin.list,2022-03-07 05:45:22.141316
www.thursdayboots-polska.com,AVAILABILITY,origin.list,2022-03-07 05:45:22.476099
www.wrangler-warszawa.com,AVAILABILITY,origin.list,2022-03-07 05:45:25.580249
www.binom.noname.wtf,AVAILABILITY,origin.list,2022-03-07 05:46:12.442775
www.aselink.guru,AVAILABILITY,origin.list,2022-03-07 05:46:12.588342
www.go.mabira.store,AVAILABILITY,origin.list,2022-03-07 05:46:20.697691
www.looking4fuck.com,AVAILABILITY,origin.list,2022-03-07 05:46:33.657199
www.menbangclub.com,AVAILABILITY,origin.list,2022-03-07 05:46:33.780552
www.accion-promocional.ru,AVAILABILITY,origin.list,2022-03-07 05:46:47.431426
www.cloud-main.xyz,AVAILABILITY,origin.list,2022-03-07 05:46:51.784416
www.great-opportunities-to-work-from-home.com,AVAILABILITY,origin.list,2022-03-07 05:46:59.161426
www.casualdates-here.life,AVAILABILITY,origin.list,2022-03-07 05:46:59.792085
377a3y.000webhostapp.com,AVAILABILITY,origin.list,2022-03-07 05:48:17.717233
33353.me,AVAILABILITY,origin.list,2022-03-07 06:02:52.534415
abenuc.ga,AVAILABILITY,origin.list,2022-03-07 06:03:39.081678
acc-2209.xyz,AVAILABILITY,origin.list,2022-03-07 06:04:05.047351
adiakkojoo.co.vu,AVAILABILITY,origin.list,2022-03-07 06:04:19.643759
aemnsa.000webhostapp.com,AVAILABILITY,origin.list,2022-03-07 06:04:28.310290
aemnzsacv.000webhostapp.com,AVAILABILITY,origin.list,2022-03-07 06:04:28.370770
aimweebiy.weebly.com,AVAILABILITY,origin.list,2022-03-07 06:04:45.978993
aishiteruu.co.vu,AVAILABILITY,origin.list,2022-03-07 06:04:53.798023
air.me1.pub.unlt4bs.pl,AVAILABILITY,origin.list,2022-03-07 06:05:07.041021
alamfitiwhaca.ga,AVAILABILITY,origin.list,2022-03-07 06:05:13.917967
alelconwell.ga,AVAILABILITY,origin.list,2022-03-07 06:05:20.481480
allegrolokalnie-pl-3dsecure.id-safety.eu,AVAILABILITY,origin.list,2022-03-07 06:05:44.208105
allegrolokalnie-pl-safe.id-safety.eu,AVAILABILITY,origin.list,2022-03-07 06:05:46.284171
allegrolokalnie.398543.pw,AVAILABILITY,origin.list,2022-03-07 06:05:51.632824
allegro-pl.cena-id9572.pl,AVAILABILITY,origin.list,2022-03-07 06:05:56.382883
amazon.coins-swap.io,AVAILABILITY,origin.list,2022-03-07 06:06:24.215600
apkpkobp.000webhostapp.com,AVAILABILITY,origin.list,2022-03-07 06:07:00.831742
appecep.000webhostapp.com,AVAILABILITY,origin.list,2022-03-07 06:07:03.653107
aremnzsca.000webhostapp.com,AVAILABILITY,origin.list,2022-03-07 06:07:27.070050
asiotabesayangkotabuang.co.vu,AVAILABILITY,origin.list,2022-03-07 06:07:56.146742
aswsdpagesah.co.vu,AVAILABILITY,origin.list,2022-03-07 06:08:06.321992
atalanta55.000webhostapp.com,AVAILABILITY,origin.list,2022-03-07 06:08:08.314382
atovwhacba.cf,AVAILABILITY,origin.list,2022-03-07 06:08:12.296030
attadmins.weebly.com,AVAILABILITY,origin.list,2022-03-07 06:08:14.338339
attkfjfhg.weebly.com,AVAILABILITY,origin.list,2022-03-07 06:08:14.376980
attmhntt.weebly.com,AVAILABILITY,origin.list,2022-03-07 06:08:14.380947
attwebpgs.weebly.com,AVAILABILITY,origin.list,2022-03-07 06:08:14.437837
attyahtacc.weebly.com,AVAILABILITY,origin.list,2022-03-07 06:08:16.289390
awerisman.co.vu,AVAILABILITY,origin.list,2022-03-07 06:08:30.015642
azmnsaz.000webhostapp.com,AVAILABILITY,origin.list,2022-03-07 06:08:38.399073
azwpikiran.co.vu,AVAILABILITY,origin.list,2022-03-07 06:08:38.424290
backscancetlasep.gq,AVAILABILITY,origin.list,2022-03-07 06:09:01.845763
bank-pay-id.eu,AVAILABILITY,origin.list,2022-03-07 06:09:16.770450
banolphcivodfaile.ml,AVAILABILITY,origin.list,2022-03-07 06:09:20.694246
baudgly.weebly.com,AVAILABILITY,origin.list,2022-03-07 06:29:32.313712
beep-boop.org,AVAILABILITY,origin.list,2022-03-07 06:29:45.068343
bersukjojika.co.vu,AVAILABILITY,origin.list,2022-03-07 06:30:04.207353
bestkonkurs.000webhostapp.com,AVAILABILITY,origin.list,2022-03-07 06:30:13.264826
bibircastello.co.vu,AVAILABILITY,origin.list,2022-03-07 06:50:12.562131
bilanantisaja.co.vu,AVAILABILITY,origin.list,2022-03-07 06:50:30.469594
birdcimbalom.outroaringoutroaring.com,AVAILABILITY,origin.list,2022-03-07 06:50:41.118710
bismillah.co.vu,AVAILABILITY,origin.list,2022-03-07 06:50:44.535829
bismillah2.co.vu,AVAILABILITY,origin.list,2022-03-07 06:50:45.551498
bismillah1.co.vu,AVAILABILITY,origin.list,2022-03-07 06:50:45.641316
bnp.parinbas.pl.bnp.parinbas.pl.ustawienie.info,AVAILABILITY,origin.list,2022-03-07 07:10:18.906066
brda.solushow.com,AVAILABILITY,origin.list,2022-03-07 07:11:12.341917
btsernmanets.weebly.com,AVAILABILITY,origin.list,2022-03-07 07:11:34.163648
butylatessurrounds.positivisticrivalling.com,AVAILABILITY,origin.list,2022-03-07 07:12:04.509143
butyredwingspolska.me,AVAILABILITY,origin.list,2022-03-07 07:12:05.591189
ca24.me-09511.bar,AVAILABILITY,origin.list,2022-03-07 07:12:18.316175
